Splice_Event	Gene	Type	dPSI	protein_change	endpoint	HR	direction	absLogHR	bh_p	pca_gene
SEC31A_ES_100885	SEC31A	ES	0.1196	frameshift_or_seqchange	PFI	0.317	risk-down	1.149	4.6905383307938e-05	False
C9orf89_AD_86901	C9orf89	AD	0.1858	noncoding_side	PFI	3.279	risk-up	1.188	8.39470925311723e-05	False
QTRT1_RI_47582	QTRT1	RI	0.1604	frameshift_or_seqchange	PFI	5.024	risk-up	1.614	8.41474516713301e-05	False
WASH4P_RI_32778	WASH4P	RI	0.1261	length_change(-414aa)	PFI	3.39	risk-up	1.221	8.90729080760108e-05	False
DOCK7_ES_3256	DOCK7	ES	-0.2225	frameshift_or_seqchange	PFI	0.29	risk-down	1.236	9.77090053232838e-05	False
ADHFE1_AA_84004	ADHFE1	AA	0.1886	frameshift_or_seqchange	PFI	4.514	risk-up	1.507	0.0001406100961524	False
SGSM3_RI_62346	SGSM3	RI	0.1151	noncoding_side	PFI	4.698	risk-up	1.547	0.0001523438226095	False
VCL_ES_12254	VCL	ES	-0.1591	frameshift_or_seqchange	PFI	0.294	risk-down	1.223	0.0001523438226095	False
SMARCD3_RI_82363	SMARCD3	RI	0.1464	frameshift_or_seqchange	DFI	5.873	risk-up	1.77	0.0001629792105237	False
FADS3_RI_16305	FADS3	RI	0.1532	frameshift_or_seqchange	PFI	3.95	risk-up	1.374	0.0002228363514326	False
RAP1GAP_RI_988	RAP1GAP	RI	0.208	frameshift_or_seqchange	PFI	4.815	risk-up	1.572	0.0002301399898517	False
SVIL_ES_11114	SVIL	ES	-0.2056	frameshift_or_seqchange	PFI	0.295	risk-down	1.222	0.0002364703287377	False
OGG1_ES_63162	OGG1	ES	0.2276	frameshift_or_seqchange	PFI	3.121	risk-up	1.138	0.0002693676151863	False
KLHDC2_RI_27443	KLHDC2	RI	0.1001	frameshift_or_seqchange	PFI	10.062	risk-up	2.309	0.000272958997797	False
SVIL_ES_11116	SVIL	ES	-0.188	frameshift_or_seqchange	PFI	0.297	risk-down	1.215	0.000272958997797	False
NRBP2_RI_85507	NRBP2	RI	0.1971	frameshift_or_seqchange	PFI	3.312	risk-up	1.198	0.000314874184041	False
KIF12_ES_87305	KIF12	ES	0.1129	frameshift_or_seqchange	PFI	4.56	risk-up	1.517	0.0003868554841235	False
C9orf89_AA_86900	C9orf89	AA	0.1743	noncoding_side	PFI	2.881	risk-up	1.058	0.000400953644763	False
ADAM15_ES_7903	ADAM15	ES	0.1279	frameshift_or_seqchange	PFI	0.348	risk-down	1.056	0.000400953644763	False
RBM6_RI_64936	RBM6	RI	0.212	frameshift_or_seqchange	DFI	7.866	risk-up	2.063	0.0004408513902337	False
ACLY_ES_40960	ACLY	ES	0.115	frameshift_or_seqchange	PFI	2.832	risk-up	1.041	0.0005027407929603	False
HAUS5_RI_49218	HAUS5	RI	0.1241	frameshift_or_seqchange	DFI	5.238	risk-up	1.656	0.0005060443769657	False
ZNF691_RI_2128	ZNF691	RI	0.1098	frameshift_or_seqchange	PFI	3.009	risk-up	1.102	0.0005136381741215	False
PRICKLE4_AA_76141	PRICKLE4	AA	0.2586	frameshift_or_seqchange	PFI	4.348	risk-up	1.47	0.0005739193074215	False
FAM73B_AD_87818	FAM73B	AD	0.1867	frameshift_or_seqchange	PFI	9.084	risk-up	2.207	0.0005790895339639	False
SVIL_ES_114848	SVIL	ES	-0.1064	frameshift_or_seqchange	PFI	0.201	risk-down	1.606	0.0006466448961416	False
INO80E_ES_36010	INO80E	ES	0.3626	frameshift_or_seqchange	PFI	3.164	risk-up	1.152	0.0006503257865555	False
MAPT_ES_41998	MAPT	ES	-0.5102	frameshift_or_seqchange	PFI	0.344	risk-down	1.069	0.0006663948204601	False
EXOC7_ES_43570	EXOC7	ES	0.1149	frameshift_or_seqchange	DFI	5.456	risk-up	1.697	0.0007058862152125	False
WNK2_ES_98167	WNK2	ES	-0.2304	frameshift_or_seqchange	DFI	0.179	risk-down	1.72	0.0007188027661055	False
HPS4_RI_61504	HPS4	RI	0.1096	frameshift_or_seqchange	DFI	13.935	risk-up	2.634	0.0007417443709394	False
MFF_ES_57813	MFF	ES	-0.128	frameshift_or_seqchange	DFI	5.376	risk-up	1.682	0.0007608606772534	False
SORBS1_ME_91767	SORBS1	ME	-0.2911	frameshift_or_seqchange	PFI	0.373	risk-down	0.987	0.0007709021877471	False
PTBP2_ES_3832	PTBP2	ES	-0.1799	frameshift_or_seqchange	DFI	0.183	risk-down	1.701	0.0008197876481637	False
KLK2_ES_51239	KLK2	ES	0.1515	frameshift_or_seqchange	PFI	3.082	risk-up	1.126	0.0008542414567361	True
TUBGCP6_AD_62794	TUBGCP6	AD	0.1348	frameshift_or_seqchange	PFI	6.947	risk-up	1.938	0.0008557538830742	False
SORBS1_ES_12634	SORBS1	ES	0.3794	frameshift_or_seqchange	PFI	2.986	risk-up	1.094	0.0008636940548084	False
LIMCH1_ES_69123	LIMCH1	ES	-0.2114	frameshift_or_seqchange	PFI	0.359	risk-down	1.026	0.0008662713577363	False
HKR1_ES_49492	HKR1	ES	0.112	frameshift_or_seqchange	PFI	2.602	risk-up	0.956	0.0009183442116559	False
ACAA1_AD_64017	ACAA1	AD	0.1153	frameshift_or_seqchange	PFI	11.678	risk-up	2.458	0.0009466699501577	False
ACAD8_AA_19553	ACAD8	AA	-0.1034	frameshift_or_seqchange	PFI	0.403	risk-down	0.909	0.0009526367669528	False
ABCA2_RI_88252	ABCA2	RI	0.1106	frameshift_or_seqchange	DFI	5.535	risk-up	1.711	0.0009738573575703	False
ERBB2IP_ES_123135	ERBB2IP	ES	0.1086	frameshift_or_seqchange	PFI	0.231	risk-down	1.467	0.0010093278052187	False
ME3_ES_18199	ME3	ES	0.2168	frameshift_or_seqchange	PFI	4.712	risk-up	1.55	0.0010200218696632	False
NRCAM_ES_81403	NRCAM	ES	-0.1256	frameshift_or_seqchange	DFI	0.0	risk-down	22.48	0.0010437196960001	False
TCIRG1_RI_17288	TCIRG1	RI	0.128	noncoding_side	PFI	4.328	risk-up	1.465	0.001084988702599	False
INSR_ES_47099	INSR	ES	-0.1005	frameshift_or_seqchange	DFI	0.174	risk-down	1.746	0.0011103837422499	False
MICAL3_ES_61016	MICAL3	ES	-0.1561	frameshift_or_seqchange	PFI	0.365	risk-down	1.008	0.0011171269681336	False
RPL37A_RI_57422	RPL37A	RI	0.2063	frameshift_or_seqchange	PFI	2.38	risk-up	0.867	0.0011690288070671	False
DMPK_ES_50523	DMPK	ES	0.2013	frameshift_or_seqchange	PFI	2.447	risk-up	0.895	0.0012172165911218	False
TNS1_ES_57433	TNS1	ES	-0.1947	frameshift_or_seqchange	PFI	0.356	risk-down	1.034	0.0012386456346347	False
LETMD1_AD_21796	LETMD1	AD	0.1227	frameshift_or_seqchange	PFI	2.756	risk-up	1.014	0.0012850540776536	False
LMO7_ES_26067	LMO7	ES	-0.1051	frameshift_or_seqchange	PFI	2.542	risk-up	0.933	0.0012850540776536	False
C1orf159_AD_13	C1orf159	AD	0.1067	frameshift_or_seqchange	PFI	3.444	risk-up	1.237	0.0013107191392394	False
SLC25A29_AA_29256	SLC25A29	AA	0.1507	frameshift_or_seqchange	PFI	5.622	risk-up	1.727	0.0013432855125614	False
SGSM2_RI_38395	SGSM2	RI	0.1953	frameshift_or_seqchange	PFI	3.208	risk-up	1.166	0.0013432855125614	False
SRSF5_AA_28158	SRSF5	AA	0.197	frameshift_or_seqchange	PFI	2.584	risk-up	0.95	0.0013432855125614	False
FBLN2_ES_63511	FBLN2	ES	-0.1105	frameshift_or_seqchange	PFI	0.422	risk-down	0.863	0.0014325553539825	False
RALGAPA1_ES_27239	RALGAPA1	ES	-0.1072	frameshift_or_seqchange	PFI	2.436	risk-up	0.89	0.0014348464124824	False
C1orf63_AA_1146	C1orf63	AA	0.1972	frameshift_or_seqchange	PFI	2.677	risk-up	0.985	0.0014574782168539	False
CYP3A5_RI_80711	CYP3A5	RI	0.2238	frameshift_or_seqchange	PFI	2.571	risk-up	0.944	0.001471511349572	False
TOM1L1_ES_42554	TOM1L1	ES	-0.289	length_change(-293aa)	PFI	0.073	risk-down	2.62	0.0015254541044718	False
MBNL1_ES_67315	MBNL1	ES	0.1614	frameshift_or_seqchange	PFI	2.511	risk-up	0.921	0.0015577161619456	False
MYOF_ES_12552	MYOF	ES	0.115	frameshift_or_seqchange	PFI	2.774	risk-up	1.02	0.0016312415679181	False
DMKN_ES_101869	DMKN	ES	0.1047	frameshift_or_seqchange	PFI	0.094	risk-down	2.364	0.0016467714230824	False
EXD3_AD_88301	EXD3	AD	0.1512	frameshift_or_seqchange	PFI	3.662	risk-up	1.298	0.0017303917067407	False
COL6A3_ES_58104	COL6A3	ES	0.1646	frameshift_or_seqchange	PFI	2.478	risk-up	0.908	0.0017598258279524	False
ZNF83_ES_51506	ZNF83	ES	0.1348	frameshift_or_seqchange	PFI	2.583	risk-up	0.949	0.0017697927099634	False
ZNF670_ES_10510	ZNF670	ES	-0.1335	frameshift_or_seqchange	PFI	0.429	risk-down	0.847	0.0018541809209348	False
URGCP_AA_79365	URGCP	AA	0.149	frameshift_or_seqchange	PFI	3.52	risk-up	1.258	0.0019664582111464	False
SUPT7L_RI_53041	SUPT7L	RI	0.1222	frameshift_or_seqchange	PFI	10.351	risk-up	2.337	0.002042781674415	False
ADAM15_ES_7895	ADAM15	ES	0.2162	frameshift_or_seqchange	PFI	3.383	risk-up	1.219	0.0021906365374608	False
ZNF438_ES_11135	ZNF438	ES	-0.1271	frameshift_or_seqchange	PFI	0.265	risk-down	1.328	0.0022142596024779	False
TBC1D1_ES_69017	TBC1D1	ES	-0.2	frameshift_or_seqchange	PFI	0.38	risk-down	0.968	0.0022466523930685	False
VAMP1_RI_19865	VAMP1	RI	0.235	frameshift_or_seqchange	PFI	2.613	risk-up	0.961	0.0022731330253607	False
ITGA6_ES_55968	ITGA6	ES	-0.1177	frameshift_or_seqchange	PFI	2.474	risk-up	0.906	0.0022777194927236	False
INO80E_ES_36009	INO80E	ES	0.1919	frameshift_or_seqchange	DFI	11.63	risk-up	2.454	0.002477639372803	False
PDDC1_ES_13755	PDDC1	ES	0.2771	frameshift_or_seqchange	PFI	2.548	risk-up	0.935	0.0025021618265224	False
DBN1_ES_74775	DBN1	ES	-0.16	frameshift_or_seqchange	PFI	0.446	risk-down	0.807	0.0025603560919192	False
CELF2_RI_10739	CELF2	RI	0.1294	frameshift_or_seqchange	PFI	2.339	risk-up	0.85	0.0025855818058266	False
ATG16L2_AD_17651	ATG16L2	AD	0.1987	length_change(-513aa)	PFI	7.312	risk-up	1.99	0.0025936518722296	False
DYSF_ES_53938	DYSF	ES	0.255	frameshift_or_seqchange	PFI	4.074	risk-up	1.405	0.0026709700195875	False
WASF3_ME_93403	WASF3	ME	0.3633	frameshift_or_seqchange	DFI	4.255	risk-up	1.448	0.002752924308306	False
RANGRF_RI_39164	RANGRF	RI	0.1077	frameshift_or_seqchange	PFI	2.255	risk-up	0.813	0.0028671150093202	False
C1orf159_RI_12	C1orf159	RI	0.1603	frameshift_or_seqchange	PFI	2.371	risk-up	0.863	0.0028772973908206	False
SLC25A16_ES_11952	SLC25A16	ES	0.1337	frameshift_or_seqchange	PFI	4.144	risk-up	1.422	0.0029468284396333	False
SNRNP70_ES_50886	SNRNP70	ES	0.115	frameshift_or_seqchange	PFI	2.635	risk-up	0.969	0.0030223262021797	False
ARGLU1_ES_26233	ARGLU1	ES	0.1271	frameshift_or_seqchange	PFI	2.205	risk-up	0.791	0.0030483566392745	False
RAB11FIP3_ES_32895	RAB11FIP3	ES	-0.1695	frameshift_or_seqchange	DFI	0.224	risk-down	1.496	0.0031959662140184	False
ERBB2IP_ME_102012	ERBB2IP	ME	0.1095	frameshift_or_seqchange	DFI	0.231	risk-down	1.464	0.0032652645713964	False
ARL16_ES_44149	ARL16	ES	0.1084	frameshift_or_seqchange	PFI	2.842	risk-up	1.044	0.0032973320680025	False
CTNND1_ES_15935	CTNND1	ES	0.1606	frameshift_or_seqchange	PFI	0.45	risk-down	0.798	0.0033989219793554	False
XAF1_ES_38808	XAF1	ES	0.1034	frameshift_or_seqchange	PFI	2.858	risk-up	1.05	0.0034808124564713	False
WNK2_ES_98174	WNK2	ES	-0.2162	frameshift_or_seqchange	DFI	0.232	risk-down	1.463	0.0034854605052076	False
CACNB1_ME_40628	CACNB1	ME	0.4275	frameshift_or_seqchange	DFI	0.04	risk-down	3.225	0.0034943170832412	False
PLCD4_ES_57506	PLCD4	ES	0.4433	frameshift_or_seqchange	PFI	2.637	risk-up	0.97	0.0034964692794415	False
TXNL4A_ES_46281	TXNL4A	ES	-0.1504	frameshift_or_seqchange	PFI	0.39	risk-down	0.943	0.0035392937167971	False
UIMC1_ES_74695	UIMC1	ES	0.2212	frameshift_or_seqchange	DFI	11.892	risk-up	2.476	0.0036264480733621	False
R3HDM1_ES_55444	R3HDM1	ES	-0.1645	frameshift_or_seqchange	PFI	0.311	risk-down	1.17	0.0036861266420211	False
UNKL_AD_33085	UNKL	AD	0.1404	frameshift_or_seqchange	DFI	6.641	risk-up	1.893	0.0037124479952012	False
EFHC1_RI_76472	EFHC1	RI	0.148	frameshift_or_seqchange	PFI	2.327	risk-up	0.845	0.0038614748784403	False
RPL27A_AA_14257	RPL27A	AA	0.1612	frameshift_or_seqchange	PFI	2.281	risk-up	0.824	0.0040546495989728	False
PPAP2A_ES_72037	PPAP2A	ES	-0.2045	noncoding_side	DFI	0.257	risk-down	1.358	0.0041067504121338	False
SIMC1_ES_74640	SIMC1	ES	0.1565	frameshift_or_seqchange	DFI	4.721	risk-up	1.552	0.0042229338709592	False
EVI5L_ES_47191	EVI5L	ES	-0.2419	frameshift_or_seqchange	PFI	0.399	risk-down	0.919	0.0042455877016299	False
RAB3GAP1_ES_55433	RAB3GAP1	ES	0.2008	frameshift_or_seqchange	PFI	3.66	risk-up	1.298	0.0042795810764802	False
HAPLN3_ES_32399	HAPLN3	ES	0.101	frameshift_or_seqchange	PFI	2.478	risk-up	0.907	0.0043447615500233	False
TXNL4A_ES_46282	TXNL4A	ES	-0.1021	frameshift_or_seqchange	DFI	0.235	risk-down	1.448	0.00435113966089	False
INO80E_ES_36004	INO80E	ES	0.1303	frameshift_or_seqchange	PFI	2.493	risk-up	0.913	0.0045338117177244	False
THOC5_ES_61613	THOC5	ES	-0.2305	frameshift_or_seqchange	DFI	0.198	risk-down	1.617	0.004538494442106	False
DMPK_ES_50522	DMPK	ES	0.2266	frameshift_or_seqchange	PFI	2.201	risk-up	0.789	0.0045764379089748	False
SVIL_ES_11113	SVIL	ES	-0.1891	frameshift_or_seqchange	PFI	0.424	risk-down	0.858	0.0046330272248507	False
TACC2_ES_13344	TACC2	ES	0.1443	frameshift_or_seqchange	DFI	10.094	risk-up	2.312	0.0046799235625533	False
C14orf79_AD_29589	C14orf79	AD	0.1147	frameshift_or_seqchange	PFI	2.166	risk-up	0.773	0.0046888747874279	False
NAA40_AA_16552	NAA40	AA	0.1398	frameshift_or_seqchange	PFI	2.458	risk-up	0.9	0.0046956001471342	False
MAPT_ES_42007	MAPT	ES	-0.1462	frameshift_or_seqchange	DFI	0.236	risk-down	1.446	0.0047035475644915	False
COPS7A_ES_19944	COPS7A	ES	0.1393	frameshift_or_seqchange	DFI	4.365	risk-up	1.474	0.0049193039205989	False
GK5_ES_67108	GK5	ES	0.1556	frameshift_or_seqchange	PFI	8.862	risk-up	2.182	0.0049495248157085	False
DENND1A_ES_87517	DENND1A	ES	-0.1868	frameshift_or_seqchange	PFI	0.46	risk-down	0.776	0.0049523711866963	False
PDCD2_RI_78501	PDCD2	RI	0.1166	frameshift_or_seqchange	PFI	2.176	risk-up	0.778	0.0049667158560169	False
HSH2D_RI_48138	HSH2D	RI	0.1443	frameshift_or_seqchange	PFI	2.654	risk-up	0.976	0.0050278550968882	False
HDAC10_ES_121602	HDAC10	ES	0.1644	frameshift_or_seqchange	PFI	0.113	risk-down	2.184	0.0051065779297877	False
SULT1A1_ES_35819	SULT1A1	ES	0.1248	frameshift_or_seqchange	PFI	2.318	risk-up	0.841	0.0051065779297877	False
WNK2_ES_98176	WNK2	ES	-0.2412	frameshift_or_seqchange	PFI	0.398	risk-down	0.921	0.0051388911021633	False
C14orf159_ES_28858	C14orf159	ES	0.1484	frameshift_or_seqchange	DFI	3.912	risk-up	1.364	0.0052835689664371	False
TTC14_RI_67728	TTC14	RI	0.1162	frameshift_or_seqchange	PFI	2.529	risk-up	0.928	0.005548160307524	False
SCNN1A_ES_19842	SCNN1A	ES	0.106	frameshift_or_seqchange	PFI	3.346	risk-up	1.208	0.0056006119622545	False
WDFY3_ES_69812	WDFY3	ES	0.1251	noncoding_side	PFI	0.34	risk-down	1.08	0.0060644428021727	False
ODF3B_AA_62858	ODF3B	AA	0.1498	frameshift_or_seqchange	PFI	2.426	risk-up	0.886	0.0061132142536549	False
TMEM175_ES_68433	TMEM175	ES	0.186	frameshift_or_seqchange	PFI	2.999	risk-up	1.098	0.0061810074155274	False
EXOC7_ES_43565	EXOC7	ES	0.3083	frameshift_or_seqchange	PFI	2.252	risk-up	0.812	0.0062678500914115	False
TOM1L2_ES_39512	TOM1L2	ES	-0.1335	frameshift_or_seqchange	DFI	0.251	risk-down	1.383	0.0064749075430602	False
TRAPPC2_ES_88518	TRAPPC2	ES	-0.1093	frameshift_or_seqchange	PFI	2.37	risk-up	0.863	0.0068439511321389	False
GALK2_ES_30536	GALK2	ES	0.102	frameshift_or_seqchange	PFI	2.169	risk-up	0.774	0.0068641192614926	False
DRG2_RI_39549	DRG2	RI	0.1332	frameshift_or_seqchange	PFI	6.154	risk-up	1.817	0.0070872108784281	False
NIN_ES_27495	NIN	ES	-0.2748	frameshift_or_seqchange	PFI	2.081	risk-up	0.733	0.0071052766412131	False
CLEC1A_ES_20304	CLEC1A	ES	0.2036	frameshift_or_seqchange	PFI	2.422	risk-up	0.884	0.0071085879989274	False
FCGRT_ES_50968	FCGRT	ES	-0.1234	frameshift_or_seqchange	DFI	0.107	risk-down	2.237	0.007132427781763	False
ACOT9_ES_88694	ACOT9	ES	-0.1736	frameshift_or_seqchange	PFI	2.418	risk-up	0.883	0.0072042868790825	False
TMEM104_ME_217418	TMEM104	ME	0.1076	frameshift_or_seqchange	PFI	2.599	risk-up	0.955	0.0074105828637716	False
CDC42BPA_ES_10042	CDC42BPA	ES	-0.1074	frameshift_or_seqchange	PFI	0.469	risk-down	0.758	0.0074821114813882	False
RELL2_RI_73812	RELL2	RI	0.2841	noncoding_side	PFI	3.937	risk-up	1.37	0.007530083607679	False
ZNF691_ES_2135	ZNF691	ES	0.1173	frameshift_or_seqchange	PFI	2.098	risk-up	0.741	0.0076063510077221	False
TPM1_ES_115012	TPM1	ES	-0.1221	noncoding_side	PFI	0.416	risk-down	0.877	0.0079163252491105	False
CSDE1_ES_4334	CSDE1	ES	-0.1834	frameshift_or_seqchange	PFI	0.44	risk-down	0.821	0.0079552812608391	False
INO80E_ES_36012	INO80E	ES	0.1269	frameshift_or_seqchange	PFI	2.115	risk-up	0.749	0.008118682088746	False
EXOC7_AA_43567	EXOC7	AA	0.126	frameshift_or_seqchange	PFI	2.718	risk-up	1.0	0.0081721945778606	False
U2AF1L4_ES_49274	U2AF1L4	ES	0.1337	frameshift_or_seqchange	PFI	91876652.253	risk-up	18.336	0.0082808242467222	False
MPV17_AA_52976	MPV17	AA	0.1294	frameshift_or_seqchange	PFI	2.119	risk-up	0.751	0.0083346997092778	False
SEMA6C_AD_7562	SEMA6C	AD	0.2324	frameshift_or_seqchange	PFI	3.347	risk-up	1.208	0.0083827133282147	False
MEF2B_RI_48592	MEF2B	RI	0.1338	frameshift_or_seqchange	PFI	2.314	risk-up	0.839	0.008461938352666	False
PALM_ES_46315	PALM	ES	-0.1168	frameshift_or_seqchange	DFI	0.271	risk-down	1.306	0.008475298791888	False
ACAD8_ES_19558	ACAD8	ES	-0.3647	frameshift_or_seqchange	PFI	0.233	risk-down	1.458	0.0087808498715606	False
ANK2_ES_70398	ANK2	ES	-0.1085	frameshift_or_seqchange	PFI	6.286	risk-up	1.838	0.008978235920246	False
SLC25A37_AA_83082	SLC25A37	AA	0.1086	frameshift_or_seqchange	PFI	2.018	risk-up	0.702	0.0090352362813122	False
R3HDM2_ES_22577	R3HDM2	ES	-0.1231	frameshift_or_seqchange	PFI	0.468	risk-down	0.76	0.0092171207979825	False
KLHDC1_ES_27437	KLHDC1	ES	0.1333	frameshift_or_seqchange	PFI	2.483	risk-up	0.91	0.0093085108171666	False
NPHP3_ES_66812	NPHP3	ES	-0.2	frameshift_or_seqchange	PFI	0.411	risk-down	0.888	0.0095475989956947	False
DUOX1_AD_30405	DUOX1	AD	0.1359	frameshift_or_seqchange	PFI	13.782	risk-up	2.623	0.0095721416597134	False
VPS8_ES_67977	VPS8	ES	0.2099	frameshift_or_seqchange	PFI	2.292	risk-up	0.83	0.0097484878509596	False
AHI1_ES_77894	AHI1	ES	0.2239	frameshift_or_seqchange	PFI	2.634	risk-up	0.969	0.0100337836329431	False
ZNF234_ES_50283	ZNF234	ES	0.1108	frameshift_or_seqchange	PFI	2.763	risk-up	1.016	0.0101488439408141	False
KLHL42_ES_20900	KLHL42	ES	0.109	frameshift_or_seqchange	PFI	2.132	risk-up	0.757	0.0104017318595556	False
BOD1L1_ES_68797	BOD1L1	ES	0.1554	frameshift_or_seqchange	DFI	4.048	risk-up	1.398	0.0105142082883332	False
ATP6V0B_ES_2510	ATP6V0B	ES	0.108	frameshift_or_seqchange	DFI	3.46	risk-up	1.241	0.0105142082883332	False
SLC25A29_ES_29259	SLC25A29	ES	0.1106	frameshift_or_seqchange	DFI	8.445	risk-up	2.134	0.0108649331201667	False
CAST_ES_72863	CAST	ES	-0.1617	frameshift_or_seqchange	PFI	0.491	risk-down	0.712	0.0111103444326119	False
REL_ES_53671	REL	ES	0.1889	frameshift_or_seqchange	DFI	5.638	risk-up	1.73	0.0111179723045203	False
CARD8_ES_50714	CARD8	ES	0.149	frameshift_or_seqchange	PFI	2.463	risk-up	0.902	0.0112113875935699	False
PDGFA_ES_78504	PDGFA	ES	0.2177	frameshift_or_seqchange	PFI	0.483	risk-down	0.727	0.0112334492348949	False
COL4A5_ES_89863	COL4A5	ES	-0.1437	frameshift_or_seqchange	PFI	0.41	risk-down	0.891	0.0113800187211941	False
CAMK2D_ES_70416	CAMK2D	ES	-0.1918	frameshift_or_seqchange	PFI	0.462	risk-down	0.771	0.0116335390854988	False
CCDC14_RI_66496	CCDC14	RI	0.1631	noncoding_side	PFI	2.221	risk-up	0.798	0.0121590250555574	False
SMUG1_AD_22131	SMUG1	AD	0.127	frameshift_or_seqchange	PFI	0.421	risk-down	0.864	0.0121921144622656	False
ZNF131_RI_71926	ZNF131	RI	-0.1086	frameshift_or_seqchange	DFI	0.291	risk-down	1.234	0.0122439888820215	False
DTX3_AD_22661	DTX3	AD	0.1201	frameshift_or_seqchange	PFI	2.65	risk-up	0.975	0.0123288078970255	False
RBM26_ES_26100	RBM26	ES	-0.1452	frameshift_or_seqchange	DFI	0.289	risk-down	1.241	0.0124197104968422	False
ACSL6_ME_101445	ACSL6	ME	0.2277	frameshift_or_seqchange	DFI	19.631	risk-up	2.977	0.0125831333529679	False
ERBB2IP_ES_72263	ERBB2IP	ES	0.1886	frameshift_or_seqchange	PFI	0.494	risk-down	0.705	0.0126235693698497	False
KLC1_ES_29469	KLC1	ES	0.1153	frameshift_or_seqchange	DFI	3.709	risk-up	1.311	0.0128036087209184	False
CD44_ES_15108	CD44	ES	-0.1153	frameshift_or_seqchange	PFI	2.361	risk-up	0.859	0.012968919268735	False
NKTR_ES_64306	NKTR	ES	-0.1743	frameshift_or_seqchange	DFI	14.908	risk-up	2.702	0.0131623314088172	False
SPAG8_RI_86312	SPAG8	RI	0.1516	frameshift_or_seqchange	DFI	14.595	risk-up	2.681	0.0132983928418862	False
MAGI2_ES_80218	MAGI2	ES	0.1527	frameshift_or_seqchange	PFI	2.364	risk-up	0.86	0.013351741225168	False
ABCA2_AA_88255	ABCA2	AA	0.1966	frameshift_or_seqchange	PFI	2.047	risk-up	0.716	0.0135123674968274	False
XRRA1_ES_17798	XRRA1	ES	-0.1021	frameshift_or_seqchange	PFI	0.484	risk-down	0.725	0.0135280994490563	False
SEPT6_ES_89977	SEPT6	ES	0.1711	frameshift_or_seqchange	DFI	0.208	risk-down	1.568	0.0138355774990607	False
ENTPD6_ES_139457	ENTPD6	ES	-0.1072	frameshift_or_seqchange	DFI	0.153	risk-down	1.876	0.0142092824883639	False
SUGP2_ES_48547	SUGP2	ES	0.1744	frameshift_or_seqchange	PFI	1.939	risk-up	0.662	0.0143360469627104	False
NTNG1_ES_3921	NTNG1	ES	-0.2575	frameshift_or_seqchange	DFI	0.146	risk-down	1.925	0.0147563894943036	False
SLC7A6_ES_37211	SLC7A6	ES	0.1223	frameshift_or_seqchange	DFI	0.254	risk-down	1.371	0.0149353289624546	False
AP1S2_AA_88572	AP1S2	AA	0.1204	frameshift_or_seqchange	PFI	1.945	risk-up	0.665	0.0151327936221986	False
PXN_ES_24752	PXN	ES	0.1127	frameshift_or_seqchange	PFI	0.508	risk-down	0.677	0.015316424187921	False
RNF121_ES_17462	RNF121	ES	0.112	frameshift_or_seqchange	PFI	2.077	risk-up	0.731	0.015651417980138	False
BLOC1S6_ES_93669	BLOC1S6	ES	0.1016	noncoding_side	PFI	0.348	risk-down	1.056	0.0167693548026863	False
CARD8_ES_50713	CARD8	ES	0.1758	frameshift_or_seqchange	PFI	2.321	risk-up	0.842	0.0167962343866568	False
NEK8_RI_39971	NEK8	RI	0.1332	frameshift_or_seqchange	PFI	5.166	risk-up	1.642	0.0167963321830926	False
MPDZ_ES_85875	MPDZ	ES	-0.1081	frameshift_or_seqchange	PFI	0.451	risk-down	0.796	0.0172334263710762	False
TPM1_AD_30987	TPM1	AD	0.126	frameshift_or_seqchange	PFI	2.075	risk-up	0.73	0.0172617041154559	False
PBRM1_ES_65238	PBRM1	ES	0.1042	frameshift_or_seqchange	PFI	2.761	risk-up	1.015	0.0175044958982803	False
PLEKHM1_ES_41976	PLEKHM1	ES	0.1142	frameshift_or_seqchange	PFI	0.412	risk-down	0.887	0.0175792960264098	False
SPOP_ME_114798	SPOP	ME	0.134	length_change(+257aa)	PFI	4.259	risk-up	1.449	0.0177194519063813	True
SKA2_ES_42755	SKA2	ES	-0.1307	noncoding_side	DFI	0.294	risk-down	1.226	0.0177892273212062	False
ELMOD3_RI_54232	ELMOD3	RI	0.1426	frameshift_or_seqchange	PFI	2.094	risk-up	0.739	0.0178545500779253	False
CYP4F12_RI_48110	CYP4F12	RI	0.1069	frameshift_or_seqchange	PFI	2.333	risk-up	0.847	0.0178733280686677	False
FOXM1_ES_19721	FOXM1	ES	-0.1589	frameshift_or_seqchange	DFI	0.253	risk-down	1.372	0.0181919924486456	False
NAP1L1_ES_23499	NAP1L1	ES	0.1264	length_change(+118aa)	DFI	0.255	risk-down	1.365	0.0181919924486456	False
EXOC7_ES_43571	EXOC7	ES	0.1206	frameshift_or_seqchange	DFI	3.284	risk-up	1.189	0.0185188373523095	False
R3HDM1_ES_95703	R3HDM1	ES	-0.2531	frameshift_or_seqchange	PFI	0.296	risk-down	1.217	0.0185328973062243	False
RPS9_ES_51824	RPS9	ES	0.1302	frameshift_or_seqchange	DFI	3.356	risk-up	1.211	0.0189698974021863	False
CALCOCO2_ES_42231	CALCOCO2	ES	0.1047	frameshift_or_seqchange	PFI	4.189	risk-up	1.432	0.0190833364831765	False
ENAH_ES_9989	ENAH	ES	0.1541	frameshift_or_seqchange	DFI	3.135	risk-up	1.143	0.0192709405204076	False
ZNF76_AA_75901	ZNF76	AA	0.1207	frameshift_or_seqchange	PFI	3.367	risk-up	1.214	0.0193450626266489	False
MBNL2_ES_26144	MBNL2	ES	0.105	frameshift_or_seqchange	PFI	0.449	risk-down	0.801	0.0193735984228707	False
FAM86B1_ES_82700	FAM86B1	ES	-0.1043	frameshift_or_seqchange	PFI	0.458	risk-down	0.781	0.0194401723635982	False
ERBB2IP_ES_123136	ERBB2IP	ES	0.124	frameshift_or_seqchange	PFI	0.373	risk-down	0.987	0.0198749287879887	False
DIAPH2_ES_89597	DIAPH2	ES	-0.2968	frameshift_or_seqchange	PFI	2.453	risk-up	0.897	0.0200571299866411	False
CRAT_ES_87828	CRAT	ES	-0.1133	frameshift_or_seqchange	PFI	0.435	risk-down	0.833	0.0201008911326948	False
NSMF_AA_88315	NSMF	AA	0.3882	frameshift_or_seqchange	PFI	1.967	risk-up	0.677	0.0201881107530456	False
TNS1_ES_57434	TNS1	ES	-0.1381	frameshift_or_seqchange	PFI	0.4	risk-down	0.916	0.0202373388635812	False
ECT2_ES_67657	ECT2	ES	-0.2336	frameshift_or_seqchange	DFI	0.233	risk-down	1.457	0.0202412600260718	False
SKA2_ES_42738	SKA2	ES	0.1895	frameshift_or_seqchange	PFI	3.051	risk-up	1.115	0.0203600566854732	False
OSBPL6_ES_56154	OSBPL6	ES	0.2997	frameshift_or_seqchange	DFI	0.0	risk-down	23.0	0.0204857070342383	False
KALRN_AA_66528	KALRN	AA	0.1908	frameshift_or_seqchange	DFI	17.329	risk-up	2.852	0.0207901221009776	False
PLCB4_ES_58679	PLCB4	ES	0.1047	frameshift_or_seqchange	PFI	0.503	risk-down	0.687	0.0208112174692529	False
EXOSC10_ES_647	EXOSC10	ES	0.1125	length_change(-761aa)	DFI	7.168	risk-up	1.97	0.0210278182148593	False
CSPP1_ES_84082	CSPP1	ES	0.2188	frameshift_or_seqchange	DFI	0.175	risk-down	1.745	0.0210434652201019	False
ORMDL1_RI_56537	ORMDL1	RI	0.1307	length_change(-45aa)	PFI	4.874	risk-up	1.584	0.021282613040376	False
GIT2_AA_24375	GIT2	AA	0.1122	frameshift_or_seqchange	PFI	2.379	risk-up	0.867	0.0213300675697021	False
CEP57L1_ES_77179	CEP57L1	ES	0.1752	frameshift_or_seqchange	DFI	0.159	risk-down	1.841	0.0213917508776259	False
NPIPA5_ES_34150	NPIPA5	ES	0.153	frameshift_or_seqchange	PFI	2.118	risk-up	0.751	0.021640852101646	False
MARK3_ES_29448	MARK3	ES	-0.181	frameshift_or_seqchange	DFI	0.308	risk-down	1.177	0.0217607179286006	False
RPP14_AD_65434	RPP14	AD	-0.1515	frameshift_or_seqchange	DFI	3.15	risk-up	1.147	0.0220282183420007	False
PGAP2_ES_14024	PGAP2	ES	-0.149	frameshift_or_seqchange	DFI	0.235	risk-down	1.447	0.022359854839668	False
PRPF39_ES_27396	PRPF39	ES	0.1152	frameshift_or_seqchange	PFI	4.812	risk-up	1.571	0.0225995498012783	False
DCAF6_ME_91278	DCAF6	ME	-0.1806	frameshift_or_seqchange	PFI	0.209	risk-down	1.567	0.0231534025836226	False
C21orf59_AA_60358	C21orf59	AA	0.1314	frameshift_or_seqchange	PFI	1.936	risk-up	0.66	0.0233539215984936	False
FES_AD_32502	FES	AD	0.1894	frameshift_or_seqchange	PFI	3.589	risk-up	1.278	0.0236456262637726	False
SYTL2_ES_18153	SYTL2	ES	-0.2352	frameshift_or_seqchange	PFI	1.869	risk-up	0.625	0.0239321051143022	False
POLR2J3_AA_81117	POLR2J3	AA	0.1038	frameshift_or_seqchange	PFI	2.339	risk-up	0.85	0.0239655743653729	False
RLN1_ES_85788	RLN1	ES	0.1134	frameshift_or_seqchange	PFI	1.959	risk-up	0.673	0.0240198224123805	False
NPRL2_AA_65041	NPRL2	AA	0.1482	length_change(+323aa)	PFI	6.207	risk-up	1.826	0.0242175365341531	False
DYSF_ES_53937	DYSF	ES	-0.2055	frameshift_or_seqchange	PFI	0.395	risk-down	0.93	0.0242357771726928	False
ZNF611_ME_101327	ZNF611	ME	-0.1535	frameshift_or_seqchange	PFI	0.443	risk-down	0.815	0.0243772729873415	False
ATL2_ES_53255	ATL2	ES	0.1166	frameshift_or_seqchange	DFI	3.18	risk-up	1.157	0.0244808804951667	False
MPST_ES_62074	MPST	ES	-0.2123	frameshift_or_seqchange	PFI	0.423	risk-down	0.861	0.0244915203699513	False
CSDE1_ES_4338	CSDE1	ES	-0.3288	frameshift_or_seqchange	PFI	0.517	risk-down	0.659	0.0247282163884776	False
TCAIM_ES_64361	TCAIM	ES	0.1716	frameshift_or_seqchange	PFI	3.196	risk-up	1.162	0.0248471297157837	False
ECHDC2_ES_3027	ECHDC2	ES	0.1085	frameshift_or_seqchange	PFI	1.856	risk-up	0.618	0.0248857955768049	False
KCTD7_ES_79882	KCTD7	ES	0.1951	frameshift_or_seqchange	DFI	6.828	risk-up	1.921	0.0251616257203038	False
MPRIP_ES_39457	MPRIP	ES	-0.1743	frameshift_or_seqchange	DFI	0.343	risk-down	1.07	0.0254146502023049	False
ZNF846_ES_47402	ZNF846	ES	0.1121	frameshift_or_seqchange	PFI	3.93	risk-up	1.369	0.0256931924347049	False
TMEM116_ES_24563	TMEM116	ES	0.209	frameshift_or_seqchange	PFI	2.869	risk-up	1.054	0.0257103260186057	False
APOL4_RI_62006	APOL4	RI	0.1215	frameshift_or_seqchange	DFI	5.839	risk-up	1.765	0.0258136613612641	False
SEPSECS_ES_68957	SEPSECS	ES	0.1338	frameshift_or_seqchange	DFI	3.946	risk-up	1.373	0.0260290185962125	False
ZNF561_ES_191944	ZNF561	ES	0.2022	noncoding_side	PFI	11.154	risk-up	2.412	0.0261212261338208	False
POLR2J2_AA_81128	POLR2J2	AA	0.1036	frameshift_or_seqchange	PFI	2.207	risk-up	0.792	0.0261471940078683	False
DCAF6_ES_8886	DCAF6	ES	-0.1102	frameshift_or_seqchange	DFI	0.319	risk-down	1.143	0.0261647128208915	False
MBNL1_ES_67324	MBNL1	ES	0.1781	frameshift_or_seqchange	DFI	3.123	risk-up	1.139	0.0267322900917418	False
IQCC_AD_1564	IQCC	AD	0.1277	frameshift_or_seqchange	PFI	2.26	risk-up	0.815	0.026756228848677	False
RC3H1_AA_9037	RC3H1	AA	0.1303	frameshift_or_seqchange	PFI	3.548	risk-up	1.266	0.0268136919491508	False
DCUN1D4_ES_69267	DCUN1D4	ES	0.1385	frameshift_or_seqchange	PFI	2.448	risk-up	0.895	0.0268820828844279	False
COPS7B_ES_57958	COPS7B	ES	0.1088	length_change(-224aa)	DFI	2.965	risk-up	1.087	0.0269015848929497	False
THAP9_ES_69749	THAP9	ES	0.109	frameshift_or_seqchange	DFI	273833446.961	risk-up	19.428	0.0271477233816165	False
PVR_ES_114406	PVR	ES	0.236	frameshift_or_seqchange	DFI	0.0	risk-down	24.001	0.0272822238797779	False
TCF12_ES_30789	TCF12	ES	0.1353	frameshift_or_seqchange	DFI	0.327	risk-down	1.119	0.0273277626283113	False
MAGI3_ES_4273	MAGI3	ES	0.105	frameshift_or_seqchange	PFI	1.911	risk-up	0.648	0.0274270655649762	False
SLC15A4_AA_93374	SLC15A4	AA	0.1439	frameshift_or_seqchange	DFI	3.26	risk-up	1.182	0.0275818069877089	False
AMN1_ES_21015	AMN1	ES	0.1428	frameshift_or_seqchange	DFI	7.125	risk-up	1.964	0.0279160627692525	False
NSFL1C_ES_58506	NSFL1C	ES	-0.1187	frameshift_or_seqchange	PFI	0.502	risk-down	0.688	0.0286996721831479	False
STRADA_ES_42976	STRADA	ES	-0.1873	frameshift_or_seqchange	DFI	0.147	risk-down	1.919	0.0287944891229334	False
TCF7L2_ES_13140	TCF7L2	ES	0.2473	frameshift_or_seqchange	DFI	7.795	risk-up	2.054	0.0288529565397923	False
POLR2G_AD_16418	POLR2G	AD	0.1599	frameshift_or_seqchange	DFI	6.574	risk-up	1.883	0.0288529565397923	False
TMEM91_AA_50055	TMEM91	AA	0.1444	frameshift_or_seqchange	PFI	2.421	risk-up	0.884	0.0288916024140401	False
SBF1_ES_62828	SBF1	ES	-0.1487	frameshift_or_seqchange	PFI	1.977	risk-up	0.682	0.028910212291104	False
ABLIM2_ES_68747	ABLIM2	ES	-0.1756	frameshift_or_seqchange	DFI	0.206	risk-down	1.58	0.0298629550170761	False
BEST1_AD_16318	BEST1	AD	0.1282	frameshift_or_seqchange	DFI	3.519	risk-up	1.258	0.0301612341761687	False
ANKRD10_ES_26273	ANKRD10	ES	0.212	frameshift_or_seqchange	DFI	4.255	risk-up	1.448	0.0306295050120849	False
BAG5_AD_29458	BAG5	AD	0.3647	frameshift_or_seqchange	PFI	4.044	risk-up	1.397	0.0309814706196347	False
NBEA_ES_25616	NBEA	ES	-0.3071	frameshift_or_seqchange	PFI	0.467	risk-down	0.761	0.0310849533933106	False
MYO18A_ES_40038	MYO18A	ES	-0.1878	frameshift_or_seqchange	PFI	0.481	risk-down	0.731	0.0311255823354636	False
CFLAR_ES_56799	CFLAR	ES	0.1292	frameshift_or_seqchange	DFI	3.764	risk-up	1.326	0.0318244119095187	False
TEX9_AD_30762	TEX9	AD	-0.1217	frameshift_or_seqchange	PFI	0.532	risk-down	0.631	0.0318396645163733	False
SYTL2_AD_18156	SYTL2	AD	0.1486	frameshift_or_seqchange	PFI	0.562	risk-down	0.576	0.0321288974202746	False
SLC25A29_AA_29255	SLC25A29	AA	0.2733	frameshift_or_seqchange	PFI	2.457	risk-up	0.899	0.0321826228211886	False
MBNL2_ES_26140	MBNL2	ES	0.1461	frameshift_or_seqchange	PFI	0.424	risk-down	0.858	0.0324688762094891	False
STX2_ES_25202	STX2	ES	0.1105	frameshift_or_seqchange	DFI	3.099	risk-up	1.131	0.0326615698976686	False
TOM1L1_ES_42553	TOM1L1	ES	-0.2436	frameshift_or_seqchange	PFI	0.369	risk-down	0.998	0.0331399267466503	False
PFKM_ES_21429	PFKM	ES	0.1038	frameshift_or_seqchange	DFI	97840966.584	risk-up	18.399	0.0337939369980372	False
MAD2L2_ES_665	MAD2L2	ES	-0.2568	frameshift_or_seqchange	DFI	0.346	risk-down	1.062	0.033926979424709	False
CTNND1_ES_15999	CTNND1	ES	-0.1602	frameshift_or_seqchange	PFI	0.499	risk-down	0.695	0.0340916288540098	False
SORBS2_ES_71390	SORBS2	ES	0.1244	frameshift_or_seqchange	PFI	2.006	risk-up	0.696	0.0340925522369035	False
TRPT1_ES_16578	TRPT1	ES	-0.1017	frameshift_or_seqchange	PFI	0.536	risk-down	0.623	0.0345676055112162	False
TAF1C_RI_37820	TAF1C	RI	0.1067	frameshift_or_seqchange	PFI	2.272	risk-up	0.821	0.0349338944876263	False
ASH1L_ES_8088	ASH1L	ES	0.2106	frameshift_or_seqchange	PFI	2.627	risk-up	0.966	0.0350855648929761	False
TMEM91_AA_50054	TMEM91	AA	0.1825	frameshift_or_seqchange	PFI	1.929	risk-up	0.657	0.0351270743060731	False
TRERF1_ES_76176	TRERF1	ES	0.1852	frameshift_or_seqchange	DFI	3.768	risk-up	1.326	0.0351814438396456	False
COASY_AA_41064	COASY	AA	0.1065	frameshift_or_seqchange	DFI	0.287	risk-down	1.25	0.0355878641223909	False
CCSER2_ES_12409	CCSER2	ES	-0.1609	frameshift_or_seqchange	PFI	0.56	risk-down	0.579	0.0356914898883163	False
LIMCH1_ES_69117	LIMCH1	ES	0.1687	frameshift_or_seqchange	PFI	0.517	risk-down	0.659	0.0356949591963399	False
ABI1_ES_11037	ABI1	ES	-0.117	frameshift_or_seqchange	PFI	0.57	risk-down	0.563	0.0358153486713183	False
FBLN5_ES_28893	FBLN5	ES	0.1129	frameshift_or_seqchange	DFI	4.066	risk-up	1.403	0.036064212394353	False
SORBS2_ES_71392	SORBS2	ES	0.1622	frameshift_or_seqchange	DFI	7.052	risk-up	1.953	0.0361635248291408	False
MTFR1L_AD_1216	MTFR1L	AD	0.1573	length_change(-122aa)	PFI	1.881	risk-up	0.632	0.0363343454235063	False
ATP6V0E2_ES_82212	ATP6V0E2	ES	0.1966	frameshift_or_seqchange	PFI	2.538	risk-up	0.931	0.0365294034031731	False
C21orf59_AD_60359	C21orf59	AD	0.1055	frameshift_or_seqchange	PFI	1.832	risk-up	0.605	0.0368751879724853	False
OGG1_AA_63161	OGG1	AA	0.2579	frameshift_or_seqchange	PFI	3.661	risk-up	1.298	0.036927026422104	False
PRDM2_ES_725	PRDM2	ES	-0.1451	frameshift_or_seqchange	DFI	0.361	risk-down	1.02	0.0372108927052491	False
CTNND1_ES_15979	CTNND1	ES	-0.1249	frameshift_or_seqchange	PFI	0.552	risk-down	0.595	0.0373940193375293	False
NBPF12_ES_7361	NBPF12	ES	0.1732	frameshift_or_seqchange	PFI	1.78	risk-up	0.576	0.0374019663143188	False
ARHGAP44_ES_39316	ARHGAP44	ES	-0.1128	frameshift_or_seqchange	PFI	1.8	risk-up	0.588	0.0375960051605875	False
CCDC14_RI_66498	CCDC14	RI	0.134	noncoding_side	PFI	2.499	risk-up	0.916	0.0377415891230387	False
TNFRSF25_RI_410	TNFRSF25	RI	0.1257	frameshift_or_seqchange	DFI	2.821	risk-up	1.037	0.0380183267416673	False
STEAP3_ME_95656	STEAP3	ME	-0.1015	frameshift_or_seqchange	PFI	0.458	risk-down	0.78	0.0386338841638868	False
DAZAP2_ES_21822	DAZAP2	ES	0.1598	frameshift_or_seqchange	DFI	0.0	risk-down	23.752	0.0386602026154793	False
BCS1L_ES_57530	BCS1L	ES	0.1138	frameshift_or_seqchange	DFI	10.159	risk-up	2.318	0.0386695924763443	False
POLM_ES_79461	POLM	ES	0.1304	frameshift_or_seqchange	PFI	2.232	risk-up	0.803	0.0386707399981689	False
CHMP7_ES_83073	CHMP7	ES	0.1152	length_change(-296aa)	PFI	3.173	risk-up	1.155	0.0389143901048917	False
ANKRD10_ES_26274	ANKRD10	ES	0.1825	frameshift_or_seqchange	PFI	1.77	risk-up	0.571	0.0390470524497707	False
RUVBL2_AD_50868	RUVBL2	AD	0.1396	frameshift_or_seqchange	DFI	3.12	risk-up	1.138	0.0391730942979952	False
UGT1A6_ES_58062	UGT1A6	ES	-0.1415	frameshift_or_seqchange	PFI	2.167	risk-up	0.773	0.039240367964662	False
PRPF39_ES_27398	PRPF39	ES	0.1519	frameshift_or_seqchange	PFI	1.728	risk-up	0.547	0.0395535911376558	False
DNM1L_ES_21046	DNM1L	ES	0.105	frameshift_or_seqchange	DFI	2.855	risk-up	1.049	0.0406174464005182	False
CDCA7_ES_56004	CDCA7	ES	0.1178	frameshift_or_seqchange	PFI	2.894	risk-up	1.063	0.0410230319786839	False
DDB2_ES_15675	DDB2	ES	0.1085	frameshift_or_seqchange	PFI	0.55	risk-down	0.597	0.041150686149311	False
TEAD1_ES_14436	TEAD1	ES	-0.1241	frameshift_or_seqchange	PFI	0.408	risk-down	0.896	0.0411814745313633	False
TTC7B_ES_28826	TTC7B	ES	-0.2384	frameshift_or_seqchange	DFI	0.325	risk-down	1.125	0.0412079425775656	False
TMEM168_ES_81456	TMEM168	ES	0.2011	frameshift_or_seqchange	PFI	0.542	risk-down	0.613	0.0412282475477327	False
XAF1_AA_38812	XAF1	AA	0.1993	frameshift_or_seqchange	PFI	1.915	risk-up	0.65	0.0414937805360988	False
TRO_ES_89256	TRO	ES	0.1092	frameshift_or_seqchange	PFI	5.332	risk-up	1.674	0.0415477910430032	False
ZNF66_AD_48731	ZNF66	AD	0.2507	frameshift_or_seqchange	DFI	6.363	risk-up	1.851	0.0415541506300698	False
GPHN_ES_28036	GPHN	ES	0.1163	frameshift_or_seqchange	PFI	0.535	risk-down	0.626	0.0415764128295037	False
LYRM1_ES_34409	LYRM1	ES	0.1075	frameshift_or_seqchange	PFI	0.418	risk-down	0.873	0.041756803816251	False
MAPT_ES_42005	MAPT	ES	-0.1959	frameshift_or_seqchange	DFI	0.347	risk-down	1.058	0.0418703092832245	False
TGFBR3_ES_3746	TGFBR3	ES	0.2526	frameshift_or_seqchange	PFI	1.956	risk-up	0.671	0.0419168321945678	False
SSBP3_ES_3144	SSBP3	ES	0.1196	frameshift_or_seqchange	PFI	0.505	risk-down	0.683	0.0426405978060329	False
CCDC92_AA_25123	CCDC92	AA	0.3152	frameshift_or_seqchange	DFI	3.9	risk-up	1.361	0.0431390304272525	False
ADAM23_ES_57146	ADAM23	ES	-0.1727	frameshift_or_seqchange	DFI	0.222	risk-down	1.506	0.0433379625010717	False
AFMID_ES_101502	AFMID	ES	0.104	frameshift_or_seqchange	DFI	3.114	risk-up	1.136	0.0434806786796038	False
SORBS2_ES_71388	SORBS2	ES	0.1917	frameshift_or_seqchange	DFI	933645965.18	risk-up	20.655	0.0436168885169703	False
ERBB2IP_ES_72261	ERBB2IP	ES	0.1174	frameshift_or_seqchange	PFI	0.538	risk-down	0.62	0.0437174746233319	False
ITIH4_ES_65280	ITIH4	ES	0.1437	frameshift_or_seqchange	DFI	3.881	risk-up	1.356	0.0439962048436249	False
SLC3A2_ES_16468	SLC3A2	ES	-0.2019	frameshift_or_seqchange	PFI	0.47	risk-down	0.755	0.0440612110051778	False
S100A1_AA_7741	S100A1	AA	0.2987	frameshift_or_seqchange	DFI	2.588	risk-up	0.951	0.044613898702386	False
DIABLO_AD_24936	DIABLO	AD	0.1276	frameshift_or_seqchange	PFI	1.724	risk-up	0.544	0.0446269524149532	False
PLA2G4C_ES_50685	PLA2G4C	ES	0.1827	frameshift_or_seqchange	DFI	3.114	risk-up	1.136	0.0446561971749654	False
KIAA1217_ES_11003	KIAA1217	ES	0.1249	frameshift_or_seqchange	PFI	2.197	risk-up	0.787	0.0447838617817413	False
SMN1_AA_72422	SMN1	AA	0.1212	frameshift_or_seqchange	PFI	1.691	risk-up	0.525	0.0448362699347258	False
ZNF83_ES_51498	ZNF83	ES	0.1287	frameshift_or_seqchange	PFI	1.839	risk-up	0.609	0.0452150859447913	False
POPDC2_AD_66345	POPDC2	AD	0.1558	frameshift_or_seqchange	DFI	0.104	risk-down	2.259	0.0454131639852588	False
PIANP_RI_19930	PIANP	RI	0.1084	length_change(-6aa)	PFI	1.802	risk-up	0.589	0.0457219900681386	False
PRUNE2_ES_86643	PRUNE2	ES	-0.1251	frameshift_or_seqchange	PFI	0.544	risk-down	0.609	0.0457469384438499	False
SHROOM1_ES_73314	SHROOM1	ES	0.132	length_change(+528aa)	DFI	9.272	risk-up	2.227	0.0461081623770099	False
EXOC7_ES_43572	EXOC7	ES	0.1488	frameshift_or_seqchange	PFI	0.564	risk-down	0.573	0.0461731618302897	False
TMOD2_ES_30625	TMOD2	ES	0.1644	frameshift_or_seqchange	DFI	0.214	risk-down	1.541	0.0461840025115254	False
UCHL5_ES_9243	UCHL5	ES	0.1914	frameshift_or_seqchange	PFI	77415881.389	risk-up	18.165	0.0463802162602959	False
COL12A1_ES_76773	COL12A1	ES	0.2945	frameshift_or_seqchange	PFI	1.726	risk-up	0.546	0.04668817806234	False
MACF1_ES_1888	MACF1	ES	-0.2761	frameshift_or_seqchange	DFI	0.303	risk-down	1.194	0.0468631757838531	False
FAM153A_ES_74823	FAM153A	ES	-0.1392	frameshift_or_seqchange	DFI	396007533.44	risk-up	19.797	0.0469952665171519	False
GLS2_RI_22442	GLS2	RI	0.167	frameshift_or_seqchange	DFI	3.056	risk-up	1.117	0.0472873489280129	False
NOP2_AD_19895	NOP2	AD	0.115	frameshift_or_seqchange	PFI	1.717	risk-up	0.541	0.0473348773058433	False
SKA2_ES_42743	SKA2	ES	0.158	frameshift_or_seqchange	PFI	4.177	risk-up	1.43	0.0473484035991176	False
TSEN2_AD_63435	TSEN2	AD	-0.1073	frameshift_or_seqchange	PFI	0.42	risk-down	0.868	0.0473484035991176	False
ATRIP_AD_64664	ATRIP	AD	0.116	frameshift_or_seqchange	PFI	2.098	risk-up	0.741	0.0473987128522271	False
ARRB1_ES_17833	ARRB1	ES	-0.1074	frameshift_or_seqchange	PFI	0.54	risk-down	0.615	0.0476598024165119	False
CCDC28B_RI_1562	CCDC28B	RI	0.1874	frameshift_or_seqchange	PFI	2.089	risk-up	0.736	0.0477939522672824	False
OSBPL3_AD_79025	OSBPL3	AD	0.1233	frameshift_or_seqchange	DFI	3.355	risk-up	1.21	0.048102968409931	False
FAM76A_ES_1344	FAM76A	ES	0.1058	frameshift_or_seqchange	PFI	2.134	risk-up	0.758	0.0484150436715621	False
SPOP_ES_42312	SPOP	ES	0.1046	length_change(+112aa)	PFI	2.138	risk-up	0.76	0.048737922924113	True
VEZT_ES_23785	VEZT	ES	0.1429	frameshift_or_seqchange	DFI	9.549	risk-up	2.256	0.0494219681977086	False
SPATA6L_ES_85765	SPATA6L	ES	0.2501	frameshift_or_seqchange	PFI	3.938	risk-up	1.371	0.0497256174454724	False
